ID,Group,Feature_1,Feature_2,Feature_3
ID001,B,2480.800453717991,390.11051444724325,4971.480447368246
ID002,A,2385.781666485422,396.4576814821416,5190.18801227133
ID003,A,2598.475912476284,387.94092434909254,5849.328897193067
ID004,A,2303.009156912163,411.9677773821745,4835.592505036238
ID005,C,2718.8228703784703,379.7794862268246,-2330.7128516363027
ID006,A,2465.287290819251,401.4884443507161,5371.037279399768
ID007,A,2536.8292258084252,401.9876214526327,5584.8834209111155
ID008,A,2583.7837229922357,372.8380063252048,5874.408734044349
ID009,B,2588.6032067266287,393.38464269214586,5172.221007656793
ID010,A,2288.6523550072397,403.8354930707221,4830.7436169975235
ID011,C,2623.6129870816394,406.43091989941104,-2240.447666094807
ID012,C,2545.473074256441,396.93539187099753,-2162.163012717489
ID013,A,2404.710792316209,410.15332306721075,5171.075454971445
ID014,A,2387.549957358113,398.3602561414594,5155.59006250152
ID015,A,2449.892037691473,400.20479368112586,5344.56890853334
ID016,C,2305.188747008426,403.7748080347983,-1878.053557425241
ID017,B,2758.340108648054,413.90499443101254,5516.0901277357825
ID018,B,2722.9226987715015,389.864229963767,5449.955769419758
ID019,A,2567.7550301463907,392.69767191222553,5728.424250659025
ID020,B,2466.4902375486863,389.96655262406176,4958.942173341774
ID021,C,2470.433801809391,395.017034257871,-2081.9123014211814
ID022,A,2613.7098559260953,421.3935138711965,5731.424742208886
ID023,B,2763.6740349252927,408.59087978994734,5543.152773986194
ID024,A,2414.4404890604883,383.0336538224674,5325.972387130884
ID025,A,2332.3620936065013,390.9932955161699,5042.694468630756
ID026,C,2732.1461160392905,405.591508364146,-2329.9348675246138
ID027,C,2231.9292118623325,386.40238328600844,-1848.8248171130108
ID028,B,2348.720378762103,389.1198993877787,4701.886781654143
ID029,C,2462.971316123372,420.17439499261224,-2036.1616028603828
ID030,A,2265.934979829245,390.7993655729022,4836.089130448673
ID031,C,2666.82235942099,414.3200022404408,-2261.6953226543123
ID032,B,2628.535790575765,418.82984784296406,5249.761948085239
ID033,B,2413.7810159177025,388.99806863246556,4810.746983665008
ID034,B,2691.942117876662,386.6505616516429,5364.7990726510925
ID035,C,2717.393864260574,395.85801870278254,-2317.969839791093
ID036,C,2483.0244027564904,383.67058418989564,-2088.0906689284934
ID037,C,2432.399773364799,401.8155081775411,-2020.131721669515
ID038,C,2838.940304161372,396.9152213221992,-2470.6089781168125
ID039,C,2608.1742733126234,405.4087002382945,-2205.706354118848
ID040,B,2538.448697945328,420.9541518434923,5063.6722924235455
ID041,B,2704.531891995942,412.26227471155477,5410.788633245734
ID042,C,2545.289595250453,407.33859663118534,-2142.9648808449806
ID043,A,2424.1569121121215,370.50927380548126,5427.027310183894
ID044,B,2512.023964073133,406.65063973153565,5023.81809106145
ID045,A,2655.7981430979603,425.8394149105682,5815.445332002025
ID046,A,2201.172165047618,354.84216225529724,4817.700653392773
ID047,B,2456.795389084117,410.3407381446344,4913.660199546153
ID048,A,2707.4586097872407,397.60962137865306,6135.4090476192305
ID049,A,2423.219739835972,387.25307495465586,5316.525723042189
ID050,B,2731.9162840647114,412.0169287586793,5445.395051686869
ID051,B,2712.211572903972,425.64558850911,5425.098089858822
ID052,C,2490.170632676657,411.6284609325663,-2095.3861794166974
ID053,B,2414.71910426665,394.4321207310771,4809.41465541529
ID054,A,2456.896168877555,385.84795263387764,5436.1070573117
ID055,B,2899.692173800215,402.16941450684317,5793.522994504367
ID056,C,2781.1636670399866,413.09753938572385,-2378.6069333823343
ID057,B,2518.8086457710106,394.1942046064941,5029.172448061321
ID058,A,2408.7769672569384,395.64425512523803,5248.275654823295
ID059,B,2517.5561553371895,442.330003747576,5026.470355830221
ID060,A,2536.5740389925145,416.1797791893959,5529.671585290543
ID061,B,2313.496189358597,417.2519301759045,4622.426756283786
ID062,C,2512.006190382289,378.0957114091178,-2131.898677108531
ID063,C,2698.3606487217594,389.3921698105981,-2298.430012125921
ID064,B,2230.096497817529,401.1202245918136,4470.263969779745
ID065,A,2623.9875947705873,384.98293663172274,5962.506626805941
ID066,C,2706.219695508217,424.00595948333944,-2272.1559732621113
ID067,A,2415.916398235845,421.15468459885966,5144.838462091738
ID068,B,2754.1263637286584,391.9968199392392,5503.051547805635
ID069,C,2396.449440632748,426.75877909911225,-1974.3437926074305
ID070,C,2566.1623992790605,399.9362185492009,-2176.7595084070895
ID071,A,2453.9840973004552,438.84084576083575,5167.802414589804
ID072,C,2453.9505464256094,402.1702919578755,-2043.4116047231905
ID073,A,2407.405139536293,408.6428912549263,5170.292951099651
ID074,A,2604.786322129303,420.9985516175434,5708.919593996226
ID075,B,2627.3208186597176,419.16450024711713,5246.513290574774
ID076,A,2490.3366700634215,407.6609809920384,5435.217357192323
ID077,C,2296.004767949159,397.88289520834246,-1904.714473348216
ID078,A,2560.4755249951586,407.7119904998968,5633.992495630463
ID079,C,2563.302153911604,387.7572374218583,-2183.7045168289296
ID080,A,2467.4927482920357,402.28200578296173,5397.108161247445
ID081,B,2780.0846930771213,383.36038701253005,5559.008393290278
ID082,B,2265.410610264902,373.2867753987955,4525.680159769804
ID083,A,2167.4074434619647,400.7564014620917,4501.577177106002
ID084,A,2390.3747650453492,418.9341683600751,5071.47925872606
ID085,A,2606.5636801137175,413.8870696239409,5763.773906945677
ID086,B,2341.623304384924,398.77131556411587,4671.560214925528
ID087,A,2352.8543622210886,426.2048454726324,4925.295201146296
ID088,A,2642.6532004267233,391.4640791373014,5953.782022933659
ID089,C,2569.3821884196623,371.23251007302963,-2202.3121710493137
ID090,B,2556.55913644426,367.26848058698556,5092.96264691604
ID091,B,2617.214337919829,382.28213589106423,5243.384474110368
ID092,A,2436.2210570090674,412.24937114893345,5256.614360486602
ID093,A,2443.152388891271,390.4779597479892,5386.477410018561
ID094,C,2621.4668908842136,406.91437962785955,-2214.2060414942607
ID095,A,2298.2669828828202,424.69425075375966,4760.771250023141
ID096,B,2178.592023040218,383.4985455613329,4347.579958496005
ID097,C,2435.007373955822,407.17749597693836,-2009.4678133162374
ID098,B,2639.6309933598536,408.0844460898358,5296.490111965305
ID099,A,2538.3339548480203,387.0889301729035,5681.027875562952
ID100,C,2628.5937256184525,420.3131638786762,-2214.4681701487402
ID101,B,2197.5558534365255,395.68439416675784,4411.535187945433
ID102,B,2547.324521248524,394.2437052863049,5086.315004560431
ID103,B,2598.079675696357,431.6741982762696,5198.905541889864
ID104,A,2297.380386608397,407.8415011355008,4869.1571418124695
ID105,A,2629.3086385819815,413.87935824528245,5808.493062523557
ID106,A,2483.272165524131,420.3233939728276,5358.150209735901
ID107,A,2960.7005052409004,390.2428900081118,6937.133795232268
ID108,B,2173.4145896654895,418.74731645580516,4346.3549808242005
ID109,C,2705.3671551512125,392.47158827503495,-2324.8167700657746
ID110,A,2440.876285521089,391.83064915992554,5354.782333642399
ID111,C,2257.4272428339937,395.92000041537796,-1858.0338295444078
ID112,B,2420.956728465251,390.66902747582566,4824.833415391926
ID113,A,2541.62188620062,412.33234648985746,5564.772852460791
ID114,B,2655.6200004347565,404.00815982717586,5317.732612678253
ID115,A,2758.2946432198264,392.6316337807433,6323.548402829472
ID116,A,2713.2839633056515,410.1175754973223,6072.48372753682
ID117,C,2355.1926968943258,395.8722634392048,-1943.5254658891856
ID118,B,2669.5247038399175,395.07894444452984,5359.393769609994
ID119,B,2558.692743568131,400.73025827352313,5122.307305948825
ID120,B,2401.8095468606516,406.9519053349933,4791.162510744207
ID121,C,2468.213410978378,405.8477147406613,-2066.3030076980394
ID122,C,2393.5236010832914,394.5512622662075,-1999.543505758506
ID123,B,2505.5638512904684,412.70666811159106,5014.373264685703
ID124,B,2390.551317655882,396.66408773380516,4781.366413943488
ID125,A,2345.800889017384,390.1752326708692,5089.9004854125415
ID126,A,2571.867869167416,377.9796752684897,5824.61627007173
ID127,C,2594.3095822389455,414.74767721498534,-2176.3806198898133
ID128,A,2471.860449986258,400.1858511429101,5409.125813190288
ID129,B,2705.147695590396,403.1630853776577,5406.2371505770025
ID130,B,2460.935412025733,415.68704373549275,4914.958522005746
ID131,A,2454.583818231169,392.83890652603276,5422.564036477393
ID132,A,2599.0733473518544,379.3840112728881,5917.866795125215
ID133,C,2480.1361622584996,401.0467105332283,-2072.425921445108
ID134,A,2512.7196593539215,404.61942328120443,5530.965569622956
ID135,C,2121.9342294071403,396.0572640075944,-1716.2954293318114
ID136,A,2502.506107710696,422.1060636711425,5399.163258690544
ID137,A,2225.920609379311,362.70750148417966,4846.157464624798
ID138,A,2316.8574143501696,416.80084956849674,4863.422028166523
ID139,A,2299.701619186674,411.8673047554634,4835.747879078485
ID140,B,2343.612526969926,406.8515616655069,4673.628151862746
ID141,B,2417.671921055162,349.96147675796357,4817.509894815044
ID142,B,2427.0261076681772,419.25833174905404,4859.964847495159
ID143,A,2599.641280638569,384.6034883404617,5879.800452081848
ID144,C,2533.3581721202045,392.3846203242492,-2154.9823155567665
ID145,A,2214.838835677302,397.44111002814896,4648.3604148139275
ID146,B,2512.4941956320213,406.1112705197796,5038.923058541893
ID147,C,2547.738286987514,409.59142063288823,-2148.6792245168244
ID148,C,2450.715022562056,413.39260831478947,-2035.2728274000613
ID149,B,2490.8671034639947,412.23780265117773,4979.456867333173
ID150,A,2528.5465188095586,403.7939080631969,5572.746377765437
ID151,C,2614.689939645337,406.23883988586385,-2218.72439159135
ID152,C,2263.76800188059,383.6386942626663,-1879.0483058874422
ID153,B,2463.3524442040525,388.73459789771465,4928.729559336256
ID154,C,2726.2504147086593,413.4319033551225,-2310.0563416787863
ID155,C,2712.4991962446934,412.55814230093023,-2298.9921676482118
ID156,C,2627.640539166367,410.8569912466663,-2212.6482360725713
ID157,A,2580.5237025933516,392.28374857515206,5806.4536088889045
ID158,A,2748.1952122603134,413.65738197915545,6207.0343002064155
ID159,B,2787.677200241,382.5813332127946,5567.683806792559
ID160,A,2480.6380017929723,416.1603971479341,5333.293103875017
ID161,C,2354.585133506752,396.0869379813116,-1951.3522519167766
ID162,A,2459.4561523563257,425.26255609510946,5254.290706112244
ID163,C,2964.504327065808,377.1783686190177,-2574.593456136587
ID164,C,2264.596548591221,426.45106068877783,-1834.7268571058594
ID165,A,2429.4191290705876,394.57803506254805,5316.070459173331
ID166,A,2288.0963271261053,394.3078111598238,4906.296804729724
ID167,A,2518.714579431608,402.92258228478397,5556.756193931871
ID168,A,2319.59634566577,389.5438163079896,4994.43123475199
ID169,B,2483.6873465749572,398.9150649804654,4957.575418904239
ID170,A,2207.485725997186,388.9356060209372,4676.512032375407
ID171,B,2592.6430997626976,389.4840470353122,5186.4674510124905
ID172,C,2683.3517884701964,407.30328925450857,-2278.760297655915
ID173,B,2442.408456690481,386.47651757044724,4890.027399515305
ID174,C,2479.730498938645,388.47708647491777,-2079.3001549919218
ID175,B,2475.488915390303,379.40813125380384,4971.650347309255
ID176,B,2527.136601283754,392.4410398005799,5061.220158852782
ID177,C,2494.2745619550356,419.6740304458588,-2084.828535650614
ID178,B,2615.217542864604,387.3109953984555,5228.666571026834
ID179,C,2684.9558700176417,389.0255010221914,-2296.834595890565
ID180,A,2377.889316626173,402.90882919722304,5125.299486772177
ID181,C,2453.6007260838555,394.4380534930071,-2054.504656189641
ID182,B,2635.242917338712,433.42231650024473,5295.090594490762
ID183,A,2286.749642791145,397.56208052985613,4866.900368101096
ID184,B,2204.3918077231647,405.0282751932606,4413.400621851531
ID185,A,2533.947392934772,414.1565317719898,5559.316056717296
ID186,C,2574.451961660574,413.8686679879428,-2167.605776435474
ID187,A,2391.654971806961,403.4993137233607,5159.210131158124
ID188,A,2413.2023418819317,397.58308769971,5240.353021133757
ID189,A,2385.971151738865,430.3604280456889,5007.09635778368
ID190,B,2369.961214098335,398.503595870286,4730.559822419018
ID191,A,2604.02437309069,393.3746484335728,5857.7614879461025
ID192,C,2322.925226950354,390.31226517558974,-1930.8451354663875
ID193,C,2460.1715707849976,374.09795195939864,-2097.298385945386
ID194,C,2364.1995748727722,412.32423628355747,-1941.7885262157147
ID195,A,2281.7066536148177,364.7789740434876,5023.3810830934735
ID196,C,2630.5267262120155,399.9141573864262,-2219.178743498908
ID197,B,2422.026216673969,396.9270904859292,4830.280481812565
ID198,C,2528.2660120631135,433.5994778834717,-2090.240641232658
ID199,A,2273.7886180298483,372.5252315692956,4968.019796578803
ID200,C,2388.7090819365285,386.48345069523464,-2007.3061611241226
ID201,A,2613.413182104251,397.9585531197753,5835.338747990259
ID202,A,2888.0907183767963,397.03705993796245,6678.587565496132
ID203,C,2203.567590341453,391.7568311378493,-1797.0733756782327
ID204,B,2469.833830706586,398.78518135896746,4953.178825380781
ID205,B,2561.842089721525,381.1065590669539,5118.543038225983
ID206,C,2407.5849770141076,405.3578931849241,-2017.6241090657008
ID207,A,2627.4282980491184,365.17771986883633,6051.222138158978
ID208,C,2369.990099400953,399.61345966184115,-1975.9983715478947
ID209,A,2523.077149032496,390.9946495860464,5619.615560566914
ID210,A,2421.689214325246,415.24431914134954,5187.586029234142
ID211,A,2682.914662443216,426.3296660594996,5908.056486491305
ID212,B,2398.5453245446593,395.03421746874466,4810.341805896446
ID213,B,2447.2189305570228,420.86088893712144,4896.122971523384
ID214,C,2641.8533556245734,395.25825579054384,-2241.3701120012583
ID215,B,2345.7942011360706,385.50810215306365,4670.888577062566
ID216,A,2510.3125085145357,426.1885544827843,5370.903574681318
ID217,A,2226.6198484470096,407.8116466710101,4623.5507626086455
ID218,C,2336.809981205639,400.0665778391472,-1942.509924473773
ID219,A,2557.3196913836205,410.3076621264797,5627.337035729829
ID220,C,2351.395373569565,404.11322552695253,-1975.3891104875
ID221,C,2418.314060226431,398.9617088808772,-2000.23812657309
ID222,A,2573.9629603071908,380.10347759038007,5823.418285290914
ID223,B,2413.1220788279606,395.941948942581,4842.56769757132
ID224,A,2623.4263109824537,409.3488313518771,5812.903135198287
ID225,A,2532.34941812291,398.15842861469787,5612.3024305053095
ID226,C,2565.3524667886754,413.53488641695577,-2150.79522921207
ID227,B,2686.14483981078,405.7548253580018,5382.1019153782145
ID228,C,2547.97345939211,386.8279552287189,-2163.9510005745874
ID229,A,2730.8270935704018,380.21242063251816,6297.097760056706
ID230,C,2636.6893424556733,397.6423225010475,-2225.8206761293713
ID231,C,2421.4821355248314,392.1365732784312,-2037.1596777731015
ID232,A,2693.972211253191,405.04482714432527,6059.5994288278225
ID233,C,2539.579903135442,389.22793511855906,-2173.006314863551
ID234,A,2440.7980437009246,390.76911511367683,5376.97859176315
ID235,C,2541.7578542981323,415.7960457639237,-2102.505858012659
ID236,B,2666.8490236585394,402.2230445294185,5318.764814744094
ID237,A,2568.2567641363335,389.45909401859063,5756.378247190913
ID238,B,2773.3589248827097,400.2646271310253,5557.283625376389
ID239,C,2662.9795836848234,420.68366864502525,-2241.9189053581995
ID240,B,2578.474005010324,404.40680032412087,5158.929204638567
ID241,B,2346.0897875888263,408.89426214137694,4687.487581879369
ID242,B,2473.040122898482,388.7164819520884,4940.942418759909
ID243,C,2510.749620962628,415.396290657019,-2096.3936601486334
ID244,A,2604.494725182662,434.771533906957,5640.126563078873
ID245,C,2595.599956190829,388.1279853623072,-2221.649265967449
ID246,C,2525.431061532743,382.27159038442016,-2143.9517349796756
ID247,C,2518.0524873065756,402.6331336575272,-2096.5969463845363
ID248,A,2608.0685342614106,413.1325757476662,5753.513118522835
ID249,C,2371.2120661555023,398.6291549192461,-1987.4299710307519
ID250,C,2754.3273728874783,384.20190405936006,-2371.9424616439555
ID251,A,2192.924967225479,398.37123757329414,4578.343360064476
ID252,A,2718.3114223258044,408.97138409166183,6094.017244615241
ID253,A,2493.2221707362255,393.8945225958091,5511.863920770423
ID254,B,2650.386972140739,409.10882526632383,5292.250559835666
ID255,A,2554.576065143892,417.47066177859864,5568.878316536443
ID256,B,2551.9051616366205,403.6034593865567,5105.651451837865
ID257,B,2583.138171403978,399.5807834308256,5147.878247663608
ID258,C,2621.3581433631666,412.44015887839424,-2229.8168202877855
ID259,B,2450.675376011914,387.1584875884415,4909.401218357852
ID260,C,2655.2198695789352,385.6793524946062,-2292.7105202930184
ID261,B,2337.3294064631823,396.0014157260652,4662.938680582676
ID262,A,2499.2004140010813,392.621808177783,5512.894126689668
ID263,C,2625.3954886408414,387.9498703706429,-2243.279255872385
ID264,B,2649.2526369423836,427.4570271249816,5303.641978856581
ID265,C,2569.11832723921,432.5798981424144,-2135.190373712007
ID266,A,2440.9911343066397,394.6944243661663,5378.203761762575
ID267,B,2634.5061667553055,401.37578424622546,5282.055320924079
ID268,B,2399.595064132187,397.1823576990431,4788.016234062495
ID269,A,2762.7113610623364,416.6124886017723,6190.7069801202315
ID270,B,2487.2993653750505,419.5846834276007,5007.078986041807
ID271,B,2269.056145869106,373.3410430196553,4550.863155807012
ID272,C,2320.797479797517,407.1401620009844,-1906.5848825092978
ID273,B,2506.546545531938,380.3976798825828,5013.991312810464
ID274,A,2520.973790698908,426.37408236812917,5434.333219065778
ID275,B,2795.4485027426645,406.603720453156,5573.11212617954
ID276,C,2344.225099357866,387.64975692456045,-1954.6908723909442
ID277,B,2505.9193298955897,396.3801791809322,5012.693436560688
ID278,C,2341.0867889376914,395.6653411260076,-1956.2711139289015
ID279,B,2426.1017720179893,407.87669414328724,4845.741226593157
ID280,C,2752.5958045104007,415.62868906266215,-2318.7849987264162
ID281,C,2329.549566526601,382.77689062042435,-1948.274774949715
ID282,B,2588.056363610175,427.5813175136817,5200.966782850747
ID283,A,2558.936103852159,424.08535161731265,5535.493400232065
ID284,A,2496.3742860462685,386.87014648613433,5548.506563473425
ID285,B,2577.9154934787607,401.09202691543464,5137.263644342558
ID286,B,2325.9969427085066,425.66212816171475,4637.480815970312
ID287,B,2748.4483761705337,418.49377880016226,5486.958283873156
ID288,B,2788.726824268528,394.9488545492816,5581.237364058304
ID289,B,2507.065704663897,412.2150972185181,5017.333323380759
ID290,A,2863.465919592033,444.9579743757871,6357.456403061633
ID291,C,2440.145810267512,401.5773997277682,-2065.302005227783
ID292,C,2560.064799078442,390.51027622839973,-2151.8222083736564
ID293,A,2714.783359566177,402.586297781371,6127.98941319924
ID294,A,2431.1493309665634,403.6982814324598,5261.561103693777
ID295,C,2292.767641168084,392.13194891499853,-1897.3365228802445
ID296,A,2258.242440157172,406.62437601721325,4744.058782431729
ID297,B,2809.123984585399,381.1839841040875,5614.375851590798
ID298,A,2420.646302404183,390.01699199486984,5313.636319425898
ID299,A,2472.139485487225,411.37367164232194,5345.6897401651695
ID300,A,2333.085388251842,373.67693722686624,5139.990432739311
ID301,A,2642.250891899378,413.54751387992167,5847.052701161443
ID302,C,2382.7660211163125,369.82027951441444,-2020.2125774655394
ID303,C,2426.3105458508016,374.03013131685526,-2044.4947927401277
ID304,C,2544.928062912424,392.5153188541617,-2137.9652364781396
ID305,C,2340.393110913164,404.30295764229027,-1917.0608584543177
ID306,B,2473.2126595728664,419.87895404691085,4959.094898007332
ID307,B,2710.3314384254904,400.86434144739394,5416.774010645359
ID308,C,2564.2381596275295,396.30169588636016,-2186.428860570375
ID309,C,2519.5813438642535,408.69371871977205,-2094.026958117247
ID310,C,2532.2297064195795,386.936517692981,-2128.8448368597387
ID311,A,2441.6297356035157,402.0912273901961,5306.369356019325
ID312,B,2799.422847963239,382.0083061306696,5609.899964380373
ID313,B,2378.17643041989,401.2388577531312,4752.366727312611
ID314,A,2531.6389242945897,398.05245511225894,5622.669819924616
ID315,A,2517.253834951421,387.9359811782587,5605.903223014124
ID316,A,2651.3143760699704,402.4756095480661,5965.308895920162
ID317,B,2665.476090819046,402.37824479739464,5340.385628209271
ID318,A,2495.1971793269395,417.63181018508703,5419.003025191615
ID319,A,2543.5999739669574,375.9154989540582,5745.656859894782
ID320,A,2549.2802130870923,398.85926638454436,5658.404662591885
ID321,C,2159.178751664409,388.59606400444784,-1782.2140380400936
ID322,A,2261.651559628334,413.04643087264435,4729.850395547211
ID323,C,2409.2404463917046,411.308680977882,-1987.143267019777
ID324,B,2415.76019854347,407.6181976760293,4860.284684105354
ID325,B,2320.10763670538,389.44250112895804,4645.999750977396
ID326,B,2612.4373857060446,413.28205874410145,5233.5639018421625
ID327,C,2500.317763152621,377.04803606885,-2128.919691601816
ID328,A,2467.7958178919744,373.9703394461084,5540.032308917003
ID329,B,2311.5767088238917,380.8619350014711,4618.594723143532
ID330,A,2493.3182703632815,399.4978778450964,5483.855750970467
ID331,C,2105.997286600208,410.1274660148244,-1693.775632646834
ID332,B,2475.5565533791237,355.3595128898571,4946.885448278057
ID333,A,2509.4775503211636,419.8411424781968,5429.982279731011
ID334,A,2536.287247648225,401.9666829426765,5594.524786194731
ID335,B,2265.384735478108,376.4834147861534,4526.21269745581
ID336,A,2533.7225105037214,401.51420455434373,5606.516484557473
ID337,C,2343.7853095203186,416.38788122017627,-1925.2924645982255
ID338,B,2378.12952515615,408.9916152295939,4760.423845578704
ID339,B,2607.6897078733996,416.4860959383095,5197.891758518973
ID340,B,2802.1170585039617,379.5063005590433,5609.315616989888
ID341,B,2507.703813820402,393.78992147292394,5021.772709208507
ID342,C,2377.435681203965,386.129616542147,-1996.086128134083
ID343,C,2528.3005671264996,425.76370307566475,-2077.5165079357066
ID344,A,2640.8543736248716,409.59044265229943,5847.140180442909
ID345,C,2593.1496348809105,442.7051438343646,-2141.032085417299
ID346,A,2911.466930869562,392.9858569987416,6778.0251652744355
ID347,A,2392.6993646358,389.12988682476544,5238.9476549675655
ID348,B,2537.8347219878947,397.85760042107273,5077.783996443452
ID349,A,2732.3376930127306,420.67535832133825,6100.244439303
ID350,B,2722.9238855527797,394.50820465936977,5456.2658768602305
ID351,A,2207.4883110213427,401.86656396860417,4604.421462215023
ID352,C,2499.496356994003,401.4503605433023,-2094.4556489845395
ID353,B,2722.678114877305,400.59245141803285,5443.1564276503295
ID354,A,2933.5964485598706,390.21402309306285,6836.594009411591
ID355,C,2605.5693825626226,397.9406339813445,-2199.0227088859187
ID356,C,2444.8205059455277,397.2984609797296,-2054.2943700620067
ID357,B,2348.6195271343913,399.88653010488025,4679.264750171429
ID358,B,2832.8115036296276,414.1527522722906,5659.153679330835
ID359,B,2609.3112379698637,426.40942051936736,5209.03568916261
ID360,A,2372.789960967187,387.3934785599544,5193.744238212071
ID361,B,2469.526545049933,394.1200956281843,4940.891407786563
ID362,C,2546.5279775243057,387.6248215239072,-2142.3145630521194
ID363,C,2581.5709980832175,402.8065230583341,-2186.76314979968
ID364,B,2365.0572013681317,391.92475813733535,4740.6044411990215
ID365,B,2407.871437281176,403.5969525061298,4849.818349540047
ID366,C,2252.059815644056,416.5544036566718,-1831.2330223818585
ID367,A,2655.964343440717,362.11252471293085,6167.670193105375
ID368,C,2448.757229984453,407.3766983440104,-2033.0583196697373
ID369,C,2569.9482473774938,393.0971942665318,-2193.9159570400716
ID370,C,2713.338776286449,406.90633401976584,-2299.4026346970736
ID371,B,2532.9805213560917,386.552958433747,5069.638518559978
ID372,A,2483.0544286076397,417.9439148246031,5356.326743099124
ID373,A,2529.08822153259,413.6992092706043,5508.1601817542905
ID374,B,2509.479040577534,408.52528222813964,5027.285880038992
ID375,C,2686.9247496816915,411.89838576715147,-2286.6952087898676
ID376,B,2546.6257596308183,388.8156929924174,5118.8552665178195
ID377,B,2418.3398470631632,390.7056436796606,4838.049723128184
ID378,A,2657.1773585334627,411.2865430122622,5900.419675965639
ID379,A,2684.572653453753,388.4840628584708,6105.129690728964
ID380,B,2299.2504059769303,421.6845256998713,4595.163199894383
ID381,B,2729.9175827152158,395.1461339307845,5488.783685277518
ID382,A,2554.706765981273,407.52841584790934,5615.863151342558
ID383,A,2542.49049252199,431.48874278882636,5468.633156462822
ID384,C,2650.993694739477,389.40664968897886,-2268.0409854888785
ID385,B,2414.953541349358,401.03142626267174,4835.898184525697
ID386,C,2643.1246771286387,415.8127474695596,-2233.5745306235394
ID387,C,2443.4836795393217,414.26916083314796,-2042.8831986998503
ID388,C,2278.757398043449,395.08277034640963,-1886.0181626545937
ID389,A,2350.33655813396,392.2490434371722,5086.171731096032
ID390,C,2585.053274935484,396.5029610118242,-2195.657246455148
ID391,A,2358.179749000801,421.71786649227045,4959.484190234287
ID392,A,2741.5114184784475,395.8134121546008,6259.68354423691
ID393,A,2678.3925180159463,401.171735387252,6025.481994540369
ID394,B,2700.0158749049447,393.5982029361486,5386.4222178601485
ID395,C,2518.716786951612,410.5832284719398,-2113.6789500452705
ID396,A,2538.679242594244,402.33287556375484,5605.025377877542
ID397,B,2320.9432218633583,384.9484928386266,4625.8512080881
ID398,B,2649.3675265236234,385.4676382894751,5318.246788567323
ID399,B,2556.9750182555626,370.0209165016674,5124.360990241201
ID400,A,2585.095843793839,387.53017886311574,5834.7987099893635
ID401,A,2753.2467717179325,411.9091870544826,6204.899917387238
ID402,A,2409.1055524078733,419.856408070184,5102.91024747114
ID403,B,2481.0787675184024,410.28337544825774,4980.581539636467
ID404,A,2549.000638231325,408.3194830096102,5595.041679329404
ID405,C,2359.684689181194,398.10210925707025,-1970.9688208521488
ID406,A,2471.860176808474,411.6237183237098,5359.337840534338
ID407,A,2573.942471570045,404.29417334622826,5716.895306139036
ID408,C,2451.1868092940754,427.06673457980685,-2011.4806291068396
ID409,A,2696.3484114593666,398.5233202873488,6107.304006383469
ID410,A,2273.361315727451,420.145121256042,4715.616416267649
ID411,A,2668.4156860350013,413.1117112272679,5935.757211655559
ID412,A,2599.177821222401,411.0316492930624,5746.526541217651
ID413,B,2414.6757118665114,369.8276301180727,4827.790573637621
ID414,A,2361.3387147655003,413.93784342321567,5024.998742068375
ID415,C,2187.957607413632,398.0873803163627,-1779.9088151233268
ID416,C,2380.7237481379248,393.34110258347664,-1980.2865497003756
ID417,B,2657.0764982504497,377.7563043823313,5283.841461119667
ID418,A,2491.587141058199,399.91619299047727,5476.716318586338
ID419,C,2674.4471320587763,400.5032739522736,-2275.2501046752955
ID420,B,2407.019339406317,380.45497117277796,4816.054986033749
ID421,A,2606.0659240159844,377.9007974065946,5919.641889352424
ID422,B,2392.375209687337,407.2992922019217,4768.852988449883
ID423,A,2355.1637490685243,413.0755769659207,5005.67102413567
ID424,B,2483.9309174243986,402.8542436488363,4963.586219036012
ID425,B,2400.2550233020006,417.2625197452654,4807.4063625284925
ID426,C,2268.576677644418,398.7042252347275,-1877.9234249419076
ID427,C,2472.652794892451,399.18473088399696,-2056.477136322542
ID428,B,2515.9653124646934,386.2445795688881,5043.943403040236
ID429,A,2690.25379172441,376.59637033669424,6191.341448792309
ID430,A,2640.520851569959,427.8199320078938,5779.903433709777
ID431,A,2682.9914798849245,416.9694857537462,5974.355917419621
ID432,A,2608.053624759026,379.1123114929228,5933.309890595313
ID433,A,2549.8919138424963,402.3362786174692,5640.85735869531
ID434,C,2315.6582640292163,398.499305333445,-1904.644573781056
ID435,B,2522.480829690291,395.89011290255434,5062.080093233462
ID436,C,2589.519066599622,393.8647322827759,-2210.6832685306726
ID437,A,2718.6156924055654,405.7190372045197,6114.6472819059
ID438,B,2602.943281259772,412.2726328820721,5196.523433813798
ID439,A,2686.0575151908133,406.0358675354231,6009.964112723602
ID440,A,2345.200316295214,398.1922243843121,5043.886844657252
ID441,B,2451.0373560777857,397.6415992466332,4909.276109618506
ID442,A,2564.4026070491905,414.05221475384,5622.689727838942
ID443,C,2674.142903611384,406.9516740717409,-2273.600689238998
ID444,C,2478.2157031241622,401.0903419455315,-2063.6078680930805
ID445,C,2487.633106127627,399.46148053599836,-2086.4849487531474
ID446,A,2603.0710459004467,405.17905764418435,5787.433645088814
ID447,C,2331.1193759282314,392.97476967160827,-1924.293788597826
ID448,A,2741.1106824735143,412.32308225962316,6160.237732856213
ID449,A,2368.1295860338473,383.862121572432,5209.800719110878
ID450,C,2212.2115864661046,393.8281523535028,-1823.7572141590629
ID451,C,2501.510051278387,409.16659143169034,-2068.3680813925416
ID452,A,2754.7688053563347,383.0067577996859,6337.575804887626
ID453,A,2587.9679695500417,376.4048718602575,5888.089368183403
ID454,A,2612.663581450545,400.9461651314386,5825.549532668767
ID455,A,2506.2078643460673,374.55312768330293,5659.29274802546
ID456,C,2477.1433754093237,380.5179466892221,-2102.364220014403
ID457,A,2268.2635945610327,411.34891177759647,4751.536679082846
ID458,A,2161.092061314372,396.928221135914,4490.828574311048
ID459,A,2529.4408507661296,419.2823042456348,5503.157733154214
ID460,A,2696.882379151034,381.9277848859382,6173.139197895742
ID461,A,2551.62005572421,398.59071451551574,5682.107572731964
ID462,B,2593.539929057802,405.9937682981164,5175.127892832067
ID463,B,2737.557631845931,382.4422760480664,5458.967728671924
ID464,B,2549.3150277161585,415.4764285674944,5110.048680369266
ID465,C,2481.601734953857,407.6601832474906,-2081.0412753895284
ID466,A,2377.2212791524903,375.8606936996885,5252.273521197634
ID467,C,2803.3318844458126,399.433873056871,-2407.7649052349702
ID468,A,2578.982166873052,405.7893510438795,5692.248446193927
ID469,B,2358.4597426121004,391.14914989707916,4715.995561254541
ID470,A,2324.3248498298144,377.8020264173678,5099.143408142272
ID471,C,2687.959559039337,404.1768818417112,-2271.745033157959
ID472,C,2344.383745538751,433.1686442542384,-1908.4335881330016
ID473,A,2778.075123625333,394.19523851263466,6376.5963978292475
ID474,C,2086.5305804363934,423.53861771927063,-1675.706185733453
ID475,B,2713.3892796684963,388.71566767357797,5422.873107390133
ID476,A,2573.0342216742947,403.2331845251493,5707.686401685901
ID477,B,2517.789163458531,411.5728379631418,5034.013348995257
ID478,B,2473.681234743736,399.87379501042955,4944.400589521753
ID479,C,2783.6094772891047,395.53396526678154,-2402.483236810176
ID480,A,2606.0588287601804,410.8919128202556,5738.740825515551
ID481,B,2364.519458665682,428.37182672903833,4738.85331443076
ID482,B,2242.163506595668,404.508803869587,4487.245672070363
ID483,A,2526.5945819720964,392.25909735204476,5629.312239694586
ID484,C,2499.839329969388,397.15372664110475,-2107.9324346341837
ID485,B,2272.0197943936737,437.79561468468063,4535.4862541694165
ID486,A,2491.6909711776498,402.0236067450719,5465.03345540723
ID487,A,2413.9098050388698,391.0837945213304,5296.5608382933115
ID488,B,2501.393510246004,382.8239812527619,5000.009593912157
ID489,B,2608.88854174726,372.61148358831093,5227.398505706462
ID490,B,2723.891492119605,405.45376410769285,5435.707288172093
ID491,C,2636.3333554553933,409.8196298923676,-2228.451091161064
ID492,C,2391.7838875254693,394.0495573005219,-1998.5756999538837
ID493,A,2555.337269324379,399.7754437295357,5681.851268652521
ID494,A,2509.4660682238036,382.44307436067066,5618.674361644248
ID495,B,2300.180656805365,401.9939269724125,4621.31424383026
ID496,A,2559.734917703841,407.2224298085069,5626.920386469618
ID497,C,2778.500850687657,391.9725359924854,-2384.969287842236
ID498,A,2504.8639906280505,425.3567900437876,5389.960798135378
ID499,A,2260.87259804119,387.44340509879635,4852.841887000631
ID500,B,2504.5403006662928,404.25214906028475,4999.320282095199
ID501,B,2317.9431701540125,412.7247582955691,4656.099696380955
ID502,C,2629.540826032943,398.84065749775925,-2230.544601237523
ID503,A,2578.7297487587693,397.1728477165826,5737.280197538175
ID504,A,2474.3634919787887,378.5670077432551,5530.063137335127
ID505,A,2450.325360121627,420.36012243574424,5245.417529911598
ID506,B,2468.164854757668,397.45160197498603,4969.728531222304
ID507,C,2501.241174151348,408.0604813740224,-2080.581369583025
ID508,A,2384.1647467987686,410.0908073179021,5102.636140075294
ID509,A,2291.8370378497843,390.5755226197337,4921.290500228295
ID510,A,2670.8048420041973,397.0370709356318,6038.64185368421
ID511,A,2442.1898535254563,420.01723526115256,5238.469730194544
ID512,C,2525.0564656253714,383.2420350138933,-2176.753029643326
ID513,C,2542.792292675124,431.9187711213589,-2103.157603696965
ID514,C,2548.303071948282,388.8269082208559,-2159.140565199683
ID515,B,2323.9273004352362,382.3072381503923,4632.120875009029
ID516,A,2248.623975317223,401.98463531032803,4746.51131907552
ID517,A,2411.696121296201,433.1252239650981,5096.416500225811
ID518,A,2559.356729862543,371.33551096611694,5828.074186118977
ID519,A,2390.807519878853,397.8847642226546,5196.203879830367
ID520,C,2446.761796945115,407.14397525884834,-2017.9683925826937
ID521,B,2819.0946120624353,400.50474937803295,5628.22607831623
ID522,B,2223.18641727932,405.72882505004515,4424.081977216637
ID523,A,2386.744900613425,389.2295037674159,5221.969575762911
ID524,C,2784.490610286089,391.00417231102927,-2396.4577764123574
ID525,B,2493.3101992007164,397.773660292612,4970.1303169729745
ID526,B,2394.1022251751633,383.0516786814587,4787.266411116697
ID527,A,2675.315337551668,399.32970397839716,6038.028061248506
ID528,B,2508.284565472167,394.16882059492747,5014.781470967161
ID529,A,2447.7537407433992,392.949322222677,5369.072679547992
ID530,C,2528.8553390556267,404.8075961889796,-2126.7298275902053
ID531,A,2401.283678592585,372.69010760201047,5340.166780184087
ID532,B,2347.3763405667883,396.5636484492527,4671.598893982064
ID533,A,2482.960460854788,434.7603064842229,5273.366550705201
ID534,A,2348.3504559885987,383.70835470511565,5110.37750877448
ID535,A,2501.603996769472,419.2825074472662,5416.307764496338
ID536,A,2553.160985121151,400.81984181369046,5636.65123538796
ID537,A,2627.9590684077416,390.9556328667787,5941.251347343943
ID538,A,2669.188747827524,380.1903751070529,6101.70438711674
ID539,B,2439.1395247551623,402.0952294792785,4871.76334102906
ID540,A,2574.9121911908605,421.8009565872201,5619.265245804104
ID541,B,2573.8785169309535,394.16183282204855,5137.364620519226
ID542,A,2549.1728073723975,398.7855786289484,5656.935478022012
ID543,C,2428.0810883574313,415.15556275285496,-2021.7108309008368
ID544,A,2345.7898281303833,405.1130618701942,5005.123360892282
ID545,B,2575.300283359984,376.41586330413134,5155.464816751917
ID546,B,2243.9706156710427,401.48330823782777,4474.278262537273
ID547,C,2459.8240851147534,422.68352365998396,-2052.3126090759174
ID548,A,2116.9553476527103,399.44588220298755,4356.615338032117
ID549,C,2299.5396364962603,358.87765855783937,-1940.9847761682936
ID550,A,2368.4299092328865,405.8232248738661,5078.197916267042
ID551,A,2664.5086311443924,397.02315340683947,6012.341797239637
ID552,B,2603.2162036606405,372.56358379118177,5207.1209139669645
ID553,C,2416.909797423664,374.81187864919326,-2034.8008072868658
ID554,C,2609.4054692694626,414.62660714933213,-2193.6096266763866
ID555,B,2633.1434445070595,389.0142588160738,5242.199242218016
ID556,B,2475.900272743792,386.38755428896013,4930.825930351642
ID557,C,2292.3432783679464,399.46542158602495,-1869.7424666190163
ID558,B,2468.8131534900826,390.3369550252009,4937.627169384871
ID559,A,2485.3161392241796,401.50072941666616,5459.847670409812
ID560,C,2315.131841375466,396.95919955844994,-1922.321088684541
ID561,C,2555.0570189394953,382.00006629859536,-2173.7531337736273
ID562,B,2541.9717781453533,392.3320330215792,5078.503180439457
ID563,A,2566.756404984128,406.6412998196366,5696.653843831738
ID564,C,2541.8384645751166,400.62877060357937,-2138.1707849031677
ID565,C,2609.4764552672473,398.7708627641225,-2217.123887369199
ID566,A,2473.1007958190453,429.0607636176908,5254.180092807519
ID567,B,2530.267766105643,410.965562880783,5084.2203335241165
ID568,B,2440.3389573631703,412.7866189723201,4878.718574103601
ID569,B,2412.3251176567073,397.51047388307614,4833.580984748154
ID570,B,2700.7374446143112,403.3021778552691,5411.746856712301
ID571,A,2193.4346947710255,393.5335001571146,4607.082617246339
ID572,A,2631.5139983731397,411.66324648286195,5844.295196009743
ID573,C,2406.918868683151,398.34400143851434,-2015.8245266856559
ID574,C,2387.4942733535318,403.33566623395836,-1996.0437234640465
ID575,A,2539.236622609811,402.4091695323275,5619.637596477942
ID576,C,2276.5585581473497,399.7274967789182,-1878.729333926298
ID577,A,2377.5965392080698,444.07282100733653,4918.647666590758
ID578,B,2372.6290530230513,390.00071083757916,4750.1891579726835
ID579,A,2466.790261272236,389.8643270476196,5458.704332099274
ID580,A,2379.379346775897,410.41145120217635,5067.40234110639
ID581,C,2740.1678028458905,391.0724650138723,-2356.1188242078147
ID582,A,2769.552477474693,395.6289045797666,6326.619207635289
ID583,B,2196.7009715877903,383.7038356996657,4383.424199100763
ID584,B,2581.6484057148605,407.3733687910388,5168.444893605918
ID585,C,2628.7995158616363,407.56385866726225,-2206.9929402632233
ID586,C,2581.4477803586656,395.27211910114835,-2170.0334453933615
ID587,A,2401.2829760362456,410.7222503272011,5146.167219290212
ID588,C,2463.3856656762187,372.1281247939961,-2087.7539505327277
ID589,B,2387.7588017833455,389.39719897728486,4780.865325620573
ID590,C,2436.960395326176,397.45031220683603,-2032.0550099888974
ID591,C,2318.5052456999238,382.4157625464557,-1946.6271040303398
ID592,B,2482.7816767548175,373.7693044387192,4987.410316728815
ID593,A,2274.5797433042394,395.3815605244233,4857.949669502759
ID594,A,2469.9798168657794,410.4103013059111,5369.319736192092
ID595,C,2312.7127466350353,419.2316258713977,-1879.0396000808328
ID596,B,2531.0224542687106,391.7906817519194,5068.454539844613
ID597,B,2398.0870658585663,410.9982375643239,4783.846370640521
ID598,B,2543.5870521811808,409.548130571135,5085.5064315837
ID599,A,2662.2371092547173,418.27912261501746,5875.503073948322
ID600,B,2738.417040415706,394.74713454468997,5481.814950947802
ID601,B,2120.7993116469265,373.0224925722299,4239.568059395867
ID602,A,2374.870885918933,401.0527877863412,5118.862450222769
ID603,B,2454.537088433198,384.79309388545414,4923.522190427423
ID604,A,2569.0491727572225,389.1474233640699,5755.92647298864
ID605,C,2252.4468243768206,395.48171283920226,-1859.9905894428832
ID606,C,2352.686138979968,394.9160855297629,-1957.5063738986464
ID607,C,2519.5535803985663,402.1233890034369,-2139.510098388093
ID608,C,2512.733236229,410.54734474629424,-2105.37865535185
ID609,C,2556.642760963014,394.4839662508605,-2191.9883336595876
ID610,A,2566.5513590332175,405.93546259912006,5662.950505361304
ID611,A,2550.7891649673793,400.22224014895755,5661.5185627980645
ID612,A,2529.048297494724,414.03241593817665,5522.350011492302
ID613,B,2508.360965998955,397.17112223340524,5009.5840882724615
ID614,C,2599.7144634586543,398.8160998633817,-2200.408784976587
ID615,B,2164.1016000153663,394.3839932800164,4315.303325225168
ID616,B,2731.650023045685,397.56627190062255,5463.271925253575
ID617,B,2169.3276923679514,388.2476780748119,4373.819228161813
ID618,C,2338.1257274643262,386.7610407078473,-1929.2150709120158
ID619,B,2465.9858805024783,411.63648077924086,4932.603226565164
ID620,C,2600.8919336634763,383.751974752231,-2215.218228932261
ID621,C,2050.7099663800577,395.21322865453146,-1667.2515215011408
ID622,C,2495.7813514087247,415.23014179406493,-2090.1726789100726
ID623,B,2618.8592559123604,394.7094880749459,5242.064723689977
ID624,C,2649.1777174042713,412.4311068052836,-2243.045321386626
ID625,C,2395.400551225381,391.1343141890974,-1993.4164418980647
ID626,A,2454.8747069567453,384.2325459047471,5462.297619518233
ID627,B,2407.577780666106,376.0776121764877,4819.147010749584
ID628,A,2441.098801971087,419.6908610390899,5226.06294718789
ID629,A,2345.226017390735,382.9469322754838,5100.774035295858
ID630,B,2366.6121756293624,411.2077988518764,4742.195674201989
ID631,A,2565.1565383042553,385.0007945980993,5756.7415863038
ID632,C,2519.742305990911,419.7607587690973,-2104.997656765415
ID633,A,2573.737976138571,433.1017408692265,5567.220134778202
ID634,A,2532.1021584551254,374.70204910464497,5735.15332781386
ID635,C,2605.6507901721393,383.7286534876178,-2227.520227012723
ID636,A,2631.732099723249,411.59697795704835,5832.304422965466
ID637,C,2238.7425070200843,407.6956438504872,-1839.4386896486772
ID638,B,2371.853552437846,411.6538278214029,4729.332859931781
ID639,A,2465.293606376494,391.3936667439344,5431.29493962456
ID640,B,2496.598371176899,429.8130124153505,4973.8391821268215
ID641,A,2399.486413927295,401.7707420003466,5197.802282758251
ID642,C,2636.8035506482456,381.74556134734723,-2250.323706038956
ID643,A,2796.9922552435896,396.20277249935583,6416.689254652436
ID644,B,2527.92429333726,381.9464965565675,5044.395738067618
ID645,C,2512.6511548297317,423.86412037831155,-2103.127881213601
ID646,C,2627.4184382656495,390.09503105799826,-2236.6812359158885
ID647,B,2220.1240367194846,407.38725227116936,4441.0173042183715
ID648,B,2504.2703410657614,392.9399028252673,5006.773444201367
ID649,A,2646.8553738201276,390.7691903535623,5983.246370462317
ID650,A,2403.526900419833,371.34618728078425,5374.379074187911
ID651,C,2316.0159130147053,408.9726190448585,-1901.930993828331
ID652,B,2472.1291584850333,419.48771878943774,4967.906457667665
ID653,B,2490.8971850197117,386.26048627952275,4997.021950344603
ID654,A,2363.702157712681,376.8215632750199,5227.437907875152
ID655,A,2814.424191407643,412.04974064106744,6370.130317821318
ID656,C,2428.195542848808,375.30637976340626,-2045.7711111934254
ID657,B,2326.951097286015,418.29299403922386,4648.721008704109
ID658,B,2485.9568021394084,386.4340731556807,4951.952963742502
ID659,B,2636.179095655674,383.4506088576306,5290.310229346014
ID660,B,2502.6121373497344,403.7269363169694,5001.699964391001
ID661,A,2572.8390880066004,384.42791072482845,5783.7164908324585
ID662,A,2369.2734108500263,389.39333378060184,5155.8787972880855
ID663,A,2723.153266960527,405.3097289900651,6133.356466457969
ID664,C,2584.2566541877663,363.5633149425003,-2229.0177148566663
ID665,B,2657.1552353316415,424.6362886889248,5311.651229981091
ID666,A,2554.7740948712753,400.65460198698605,5681.819056995433
ID667,B,2623.7326056593174,380.6055098139471,5239.469404720099
ID668,A,2369.0421160484157,384.74131946069735,5203.33099881239
ID669,C,2426.2884374965656,414.874695673912,-2001.2277002708995
ID670,A,2701.9720893334043,409.01579402611156,6065.592556632689
ID671,C,2733.9612920925947,420.80170985927816,-2304.182141846294
ID672,B,2327.9401600421384,389.7588573279365,4656.044188050326
ID673,A,2537.4604101795717,404.44875755726207,5605.570043998765
ID674,A,2435.358429927216,406.39851867675515,5280.886459557078
ID675,A,2395.4452795952707,410.42901250378355,5114.214784446588
ID676,B,2542.7259543033174,416.90921685148106,5089.006931789314
ID677,C,2671.144439854811,389.24104141233477,-2272.495720726565
ID678,C,2567.749370992629,398.28744598359276,-2172.929939632251
ID679,A,2452.0731325121446,390.8477538162978,5403.4956989275115
ID680,B,2577.229176990274,399.2108218996544,5147.104058044455
ID681,C,2446.0035739628647,410.47649173094464,-2052.058590104683
ID682,C,2561.8171451095905,375.1894674960895,-2205.232200064676
ID683,C,2709.46985506836,416.6405735418893,-2311.274097371297
ID684,C,2188.426051104876,382.91226813604374,-1797.485246059186
ID685,C,2619.587844781005,395.3894452045415,-2254.0817800769796
ID686,A,2269.1417617644297,418.6591288744919,4706.131881797268
ID687,A,2684.249156581669,404.92014576975106,6018.958901473307
ID688,A,2404.446158519071,405.0929492239549,5184.487815005589
ID689,C,2317.3492933590273,382.29060932057337,-1957.3358626376885
ID690,C,2604.290384063312,384.3387109626424,-2215.105015963782
ID691,C,2554.6255094713615,414.1188459500338,-2155.7846002512465
ID692,A,2350.121964555751,391.16284681773413,5108.1405260670945
ID693,C,2312.050036424741,392.57632190050225,-1926.9349027753046
ID694,A,2471.8777768763075,414.4592687658207,5342.189630518876
ID695,C,2319.3869574743203,384.2512968194571,-1935.0903743762008
ID696,A,2340.779054061456,404.0385269932939,5005.075419852225
ID697,B,2517.343118563215,400.64360989251537,5035.130409656384
ID698,C,2355.1192548617355,399.95971411205136,-1960.2848673344756
ID699,C,2563.9808935039814,392.22346552183745,-2167.640845613815
ID700,A,2723.5215393825215,391.3021722780501,6219.647522323253
ID701,C,2477.7166877649124,383.82453754307704,-2103.073766227151
ID702,A,2519.522659297838,407.2399753906196,5527.484514768098
ID703,A,2802.714509925323,389.977762127249,6472.555362768545
ID704,B,2321.859832393398,414.5311693175088,4652.190395140051
ID705,B,2678.6852792771115,396.6316743761402,5368.559061453989
ID706,C,2660.6286396868722,384.12324265868443,-2274.4423468412983
ID707,C,2628.1476008760674,396.43279176777367,-2242.948614461192
ID708,A,2693.7621776098945,393.8371420129529,6102.385089248474
ID709,A,2542.086244893793,415.1365511759208,5554.414634416027
ID710,A,2412.56057566011,394.464997161227,5276.669905876022
ID711,A,2664.185993683085,395.8568442819951,6046.704702607209
ID712,C,2669.9263317569344,421.1732005823865,-2236.9712678412848
ID713,B,2665.7970852239932,407.6240098219502,5317.548941358016
ID714,C,2506.6753123478857,424.9405902400525,-2090.941992976153
ID715,C,2392.570822958001,418.8856750609586,-1946.3429401055703
ID716,C,2528.704338116742,386.69256117455717,-2144.584444125906
ID717,B,2641.3345026351753,414.8492628160016,5283.239180887486
ID718,C,2653.652768478995,422.87954938111886,-2242.2982221427865
ID719,B,2435.5485809388106,422.9921969848513,4889.878402744512
ID720,A,2547.3059344191083,414.82143975365034,5573.814602976921
ID721,C,2303.6832543271066,414.51284492363766,-1898.4656255780926
ID722,A,2647.742515450878,395.46008434486674,5954.0012211620115
ID723,A,2382.5036864912404,387.43926873475635,5214.001163150715
ID724,A,2617.788303935732,394.71674021653814,5880.311684823071
ID725,C,2327.604313391476,375.0281649785086,-1942.590825806314
ID726,A,2654.712385965101,420.1419297313256,5869.991130916202
ID727,C,2548.2752785034154,395.7506056087343,-2155.6984370799046
ID728,A,2382.796345657458,419.3699609359744,5045.013613146965
ID729,C,2603.703457162079,381.52750634167603,-2224.0952565999887
ID730,C,2411.4457462292003,416.23937381503316,-2001.8145425740483
ID731,C,2612.433255616769,392.57679012731023,-2221.418811883116
ID732,A,2458.883278692892,380.7344588753624,5473.174832845296
ID733,C,2241.8429311555506,424.4067707823964,-1828.2113310937148
ID734,A,2352.6375639278594,416.6096750401116,4982.432474928194
ID735,B,2435.437793696907,403.1768863027868,4866.430454820178
ID736,A,2705.228353562287,400.5090682770244,6103.037107098315
ID737,A,2635.171544579384,406.5926502822868,5868.332093187336
ID738,C,2743.5792118483214,402.91942866876116,-2337.752685300117
ID739,A,2748.0452824044787,388.1158606874279,6304.553002174056
ID740,B,2419.7873793113627,393.81921595322615,4844.640176001579
ID741,C,2471.7269710361757,429.41076748058055,-2031.5360500546888
ID742,A,2438.3080113504193,440.0823511394202,5130.171560802254
ID743,A,2399.2734092048386,423.4400275784602,5084.045923674472
ID744,C,2223.7757935995314,407.17335910243935,-1829.4352631439178
ID745,C,2497.7878422974736,394.93376450947096,-2106.0834074183663
ID746,A,2307.1651609433334,388.0272115915455,4969.307604259676
ID747,A,2494.874217769851,389.01576384354695,5559.906082976365
ID748,C,2817.365621434448,391.7009851196986,-2401.815825724423
ID749,C,2423.598235550394,432.26746062138653,-1983.527040559051
ID750,B,2529.21610084421,427.094234445739,5068.733707800088
ID751,B,2635.9972578713923,411.1941758490309,5275.005834061624
ID752,B,2542.043693794886,385.5908023538076,5088.480058575302
ID753,C,2543.8726281913446,413.3958389006655,-2149.6462399106285
ID754,C,2445.639634946788,396.42074457234094,-2050.10607875753
ID755,C,2465.218303740815,367.70485842033816,-2108.087282068632
ID756,A,2355.998421671826,404.3065095610189,5049.8389956608435
ID757,C,2626.906751333411,387.37130438748915,-2240.2507650905845
ID758,A,2238.7762515078857,387.8791985636494,4800.294625253563
ID759,C,2645.6632507573304,396.24388009647987,-2238.419838396176
ID760,C,2289.4452422882136,392.5251554058638,-1893.50594309209
ID761,A,2644.3910911114976,399.4861477134399,5932.539258521617
ID762,C,2446.9273710681728,398.7650417497419,-2028.0500718133114
ID763,C,2315.219696780038,371.86286360728553,-1943.7162889262706
ID764,C,2586.8947967619456,422.8041698332425,-2160.11053938908
ID765,B,2639.315130261366,385.2493491557698,5279.137255775854
ID766,C,2434.2882027844694,385.7140242230429,-2053.4240254299143
ID767,A,2608.09158230184,395.0717012231455,5849.354315458419
ID768,A,2157.2373257995973,398.37497728946056,4456.29348874335
ID769,A,2301.91055653801,421.88469725247757,4777.735706536748
ID770,C,2693.861339570309,404.0413517808235,-2285.6244212894503
ID771,A,2466.4496088703127,408.49698226164304,5375.682311589052
ID772,B,2220.6680010326727,404.11804281374924,4445.514655315075
ID773,A,2395.170072933701,403.4719237374816,5159.506173854935
ID774,C,2361.4899291212378,404.64594254630515,-1974.1582316237407
ID775,B,2475.105740279061,371.0089878614659,4959.62580768383
ID776,A,2444.387352428853,396.2512227274071,5345.099601837342
ID777,B,2526.839759340724,417.43391665856734,5061.398343704079
ID778,A,2489.580092258114,459.1349651621003,5177.7438328606295
ID779,C,2703.9608882555526,381.9353660119074,-2316.2859175365893
ID780,B,2563.68228995795,406.3461994048653,5127.767800404143
ID781,A,2568.6507416790378,391.43430133188485,5753.384450997325
ID782,A,2674.773568584178,430.71477855845274,5869.313360145195
ID783,B,2441.684687435563,379.6932585881278,4875.745696458707
ID784,B,2310.718383496227,409.3740923547382,4609.874778266261
ID785,B,2681.045548694837,378.8918335074371,5333.470991814022
ID786,B,2520.3762622162167,395.2214999790875,5038.579209683579
ID787,A,2520.9026811848394,399.4853000387529,5583.514081556176
ID788,A,2405.0005117704645,416.0453752260941,5143.5356202913745
ID789,A,2407.4717000344635,383.8424976076221,5305.935121486991
ID790,C,2627.0083508156267,409.9507457327108,-2225.8656650143857
ID791,B,2647.6983697206415,400.2816658508192,5307.364810150392
ID792,A,2617.573510861999,404.0919007942897,5830.829316872911
ID793,B,2618.944240816821,414.37499072027714,5256.787693399111
ID794,B,2585.3544305889636,380.7616496049207,5158.935814018391
ID795,A,2519.7284095117234,412.15892459722886,5489.3909712133545
ID796,B,2473.693047351853,391.4664272036586,4937.21885537307
ID797,B,2681.548577491233,416.4381018246524,5345.311734537258
ID798,B,2443.941869426435,405.0183645180682,4876.639202630568
ID799,B,2555.496882082112,396.8570742772442,5112.232359281415
ID800,B,2379.398050306863,391.14961046363766,4750.249688315518
